INSERT INTO musician(musician_id, musician_name) values (1, N'The Slot');
INSERT INTO musician(musician_id, musician_name) values (2, N'Madonna');
INSERT INTO musician(musician_id, musician_name) values (3, N'Lana Del Rey');
INSERT INTO musician(musician_id, musician_name) values (4, N'Taylor Swift');
INSERT INTO musician(musician_id, musician_name) values (5, N'Within Temptation');
INSERT INTO musician(musician_id, musician_name) values (6, N'As I Lay Dying');
INSERT INTO musician(musician_id, musician_name) values (7, N'In Flames');
INSERT INTO musician(musician_id, musician_name) values (8, N'Michael Jackson');
INSERT INTO musician(musician_id, musician_name) values (9, N'Slipknot');



INSERT INTO album (album_id, album_name, release) values (1, N'200 кВт', '2018-11-30');
INSERT INTO album (album_id, album_name, release) values (2, N'Инстинкт выживания', '2021-02-26');

INSERT INTO album (album_id, album_name, release) values (3, N'Rebel Heart', '2015-03-06');
INSERT INTO album (album_id, album_name, release) values (4, N'Madame X', '2019-06-14');

INSERT INTO album (album_id, album_name, release) values (5, N'Norman Fucking Rockwell!', '2018-08-30');
INSERT INTO album (album_id, album_name, release) values (6, N'Chemtrails Over the Country Club', '2021-03-19');

INSERT INTO album (album_id, album_name, release) values (7, N'Lover', '2019-08-23');
INSERT INTO album (album_id, album_name, release) values (8, N'Folklore', '2020-07-24');

INSERT INTO album (album_id, album_name, release) values (9, N'Hydra', '2014-01-31');
INSERT INTO album (album_id, album_name, release) values (10, N'Resist', '2019-02-01');

INSERT INTO album (album_id, album_name, release) values (11, N'Awakened', '2012-09-25');
INSERT INTO album (album_id, album_name, release) values (12, N'Shaped by Fire', '2019-09-20');

INSERT INTO album (album_id, album_name, release) values (13, N'Battles', '2016-11-11');
INSERT INTO album (album_id, album_name, release) values (14, N'I, the Mask', '2019-03-01');

INSERT INTO album (album_id, album_name, release) values (15, N'Thriller', '1982-11-30');
INSERT INTO album (album_id, album_name, release) values (16, N'Bad', '1987-08-31');

INSERT INTO album (album_id, album_name, release) values (17, N'.5: The Gray Chapter', '2014-10-17');
INSERT INTO album (album_id, album_name, release) values (18, N'We Are Not Your Kind', '2019-08-09');



INSERT INTO track (track_id, track_name, duration, album_id) values (1, N'200 кВт', '206', 1);
INSERT INTO track (track_id, track_name, duration, album_id) values (2, N'Кукушка', '254', 1);
INSERT INTO track (track_id, track_name, duration, album_id) values (3, N'ЗОЖ мой', '259', 1);
INSERT INTO track (track_id, track_name, duration, album_id) values (4, N'Я выберу Солнце', '236', 1);
INSERT INTO track (track_id, track_name, duration, album_id) values (5, N'Естественный отбор', '230', 1);
INSERT INTO track (track_id, track_name, duration, album_id) values (6, N'Сколько денег', '225', 1);
INSERT INTO track (track_id, track_name, duration, album_id) values (7, N'На Марс', '273', 1);
INSERT INTO track (track_id, track_name, duration, album_id) values (8, N'Не все равно', '265', 1);
INSERT INTO track (track_id, track_name, duration, album_id) values (9, N'#ЯЩЕТАЮ', '234', 1);
INSERT INTO track (track_id, track_name, duration, album_id) values (10, N'Система', '260', 1);
INSERT INTO track (track_id, track_name, duration, album_id) values (11, N'Ильич (Son of a bitch)', '197', 1);
INSERT INTO track (track_id, track_name, duration, album_id) values (12, N'Вселенная', '233', 1);

--slot
INSERT INTO track (track_id, track_name, duration, album_id) values (13, N'Introduction', '77', 2);
INSERT INTO track (track_id, track_name, duration, album_id) values (14, N'Инстинкт выживания', '238', 2);
INSERT INTO track (track_id, track_name, duration, album_id) values (15, N'Норма', '271', 2);
INSERT INTO track (track_id, track_name, duration, album_id) values (16, N'17 лет', '223', 2);
INSERT INTO track (track_id, track_name, duration, album_id) values (17, N'Чернуха', '232', 2);
INSERT INTO track (track_id, track_name, duration, album_id) values (18, N'Москва', '268', 2);
INSERT INTO track (track_id, track_name, duration, album_id) values (19, N'Джокер и Харли Квинн', '220', 2);
INSERT INTO track (track_id, track_name, duration, album_id) values (20, N'OBEY', '240', 2);
INSERT INTO track (track_id, track_name, duration, album_id) values (21, N'Big Bang', '229', 2);
INSERT INTO track (track_id, track_name, duration, album_id) values (22, N'Стадия гнева', '249', 2);

--madonna
INSERT INTO track (track_id, track_name, duration, album_id) values (23, N'Living for Love', '218', 3);
INSERT INTO track (track_id, track_name, duration, album_id) values (24, N'Devil Pray', '245', 3);
INSERT INTO track (track_id, track_name, duration, album_id) values (25, N'Ghosttown', '248', 3);
INSERT INTO track (track_id, track_name, duration, album_id) values (26, N'Unapologetic Bitch', '230', 3);
INSERT INTO track (track_id, track_name, duration, album_id) values (27, N'Illuminati', '223', 3);
INSERT INTO track (track_id, track_name, duration, album_id) values (28, N'Bitch I`m Madonna', '227', 3);
INSERT INTO track (track_id, track_name, duration, album_id) values (29, N'Hold Tight', '217', 3);
INSERT INTO track (track_id, track_name, duration, album_id) values (30, N'Joan of Arc', '241', 3);
INSERT INTO track (track_id, track_name, duration, album_id) values (31, N'Iconic', '273', 3);
INSERT INTO track (track_id, track_name, duration, album_id) values (32, N'HeartBreakCity', '213', 3);
INSERT INTO track (track_id, track_name, duration, album_id) values (33, N'Body Shop', '219', 3);
INSERT INTO track (track_id, track_name, duration, album_id) values (34, N'Holy Water', '249', 3);
INSERT INTO track (track_id, track_name, duration, album_id) values (35, N'Inside Out', '263', 3);
INSERT INTO track (track_id, track_name, duration, album_id) values (36, N'Wash All Over Me', '240', 3);

--madonna
INSERT INTO track (track_id, track_name, duration, album_id) values (37, N'Medellín', '298', 4);
INSERT INTO track (track_id, track_name, duration, album_id) values (38, N'Dark Ballet', '254', 4);
INSERT INTO track (track_id, track_name, duration, album_id) values (39, N'God Control', '379', 4);
INSERT INTO track (track_id, track_name, duration, album_id) values (40, N'Future', '233', 4);
INSERT INTO track (track_id, track_name, duration, album_id) values (41, N'Batuka', '297', 4);
INSERT INTO track (track_id, track_name, duration, album_id) values (42, N'Killers Who Are Partying', '328', 4);
INSERT INTO track (track_id, track_name, duration, album_id) values (43, N'Crave', '201', 4);
INSERT INTO track (track_id, track_name, duration, album_id) values (44, N'Crazy', '242', 4);
INSERT INTO track (track_id, track_name, duration, album_id) values (45, N'Come Alive', '242', 4);
INSERT INTO track (track_id, track_name, duration, album_id) values (46, N'Faz Gostoso', '245', 4);
INSERT INTO track (track_id, track_name, duration, album_id) values (47, N'Bitch I`m Loca', '170', 4);
INSERT INTO track (track_id, track_name, duration, album_id) values (48, N'I Don`t Search I Find', '248', 4);

--lana del rey
INSERT INTO track (track_id, track_name, duration, album_id) values (49, N'Norman Fucking Rockwell', '248', 5);
INSERT INTO track (track_id, track_name, duration, album_id) values (50, N'Mariners Apartment Complex', '246', 5);
INSERT INTO track (track_id, track_name, duration, album_id) values (51, N'Venice Bitch', '578', 5);
INSERT INTO track (track_id, track_name, duration, album_id) values (52, N'Fuck It I Love Youruen', '218', 5);
INSERT INTO track (track_id, track_name, duration, album_id) values (53, N'Doin` Time', '202', 5);
INSERT INTO track (track_id, track_name, duration, album_id) values (54, N'Love Song', '229', 5);
INSERT INTO track (track_id, track_name, duration, album_id) values (55, N'Cinnamon Girlruen', '300', 5);
INSERT INTO track (track_id, track_name, duration, album_id) values (56, N'How to Disappear', '228', 5);
INSERT INTO track (track_id, track_name, duration, album_id) values (57, N'California', '305', 5);
INSERT INTO track (track_id, track_name, duration, album_id) values (58, N'The Next Best American Record', '349', 5);
INSERT INTO track (track_id, track_name, duration, album_id) values (59, N'The Greatestruen', '300', 5);
INSERT INTO track (track_id, track_name, duration, album_id) values (60, N'Bartender', '263', 5);
INSERT INTO track (track_id, track_name, duration, album_id) values (61, N'Happiness Is a Butterfly', '272', 5);
INSERT INTO track (track_id, track_name, duration, album_id) values (62, N'Hope Is a Dangerous Thing for a Woman Like Me to Have – but I Have It', '324', 5);

--lana del rey
INSERT INTO track (track_id, track_name, duration, album_id) values (63, N'White Dress', '333', 6);
INSERT INTO track (track_id, track_name, duration, album_id) values (64, N'Chemtrails Over the Country Club', '271', 6);
INSERT INTO track (track_id, track_name, duration, album_id) values (65, N'Tulsa Jesus Freak', '215', 6);
INSERT INTO track (track_id, track_name, duration, album_id) values (66, N'Let Me Love You Like A Woman', '211', 6);
INSERT INTO track (track_id, track_name, duration, album_id) values (67, N'Wild at Heart', '246', 6);
INSERT INTO track (track_id, track_name, duration, album_id) values (68, N'Dark But Just a Game', '235', 6);
INSERT INTO track (track_id, track_name, duration, album_id) values (69, N'Not All Who Wander Are Lost', '247', 6);
INSERT INTO track (track_id, track_name, duration, album_id) values (70, N'Yosemite', '304', 6);
INSERT INTO track (track_id, track_name, duration, album_id) values (71, N'Breaking Up Slowly', '177', 6);
INSERT INTO track (track_id, track_name, duration, album_id) values (72, N'Dance Till We Die', '243', 6);

--Taylor Swift
INSERT INTO track (track_id, track_name, duration, album_id) values (73, N'I Forgot That You Existed', '171', 7);
INSERT INTO track (track_id, track_name, duration, album_id) values (74, N'Cruel Summer', '178', 7);
INSERT INTO track (track_id, track_name, duration, album_id) values (75, N'Lover', '221', 7);
INSERT INTO track (track_id, track_name, duration, album_id) values (76, N'The Man', '190', 7);
INSERT INTO track (track_id, track_name, duration, album_id) values (77, N'The Archer', '211', 7);
INSERT INTO track (track_id, track_name, duration, album_id) values (78, N'I Think He Knows', '173', 7);
INSERT INTO track (track_id, track_name, duration, album_id) values (79, N'Miss Americana & The Heartbreak Prince', '234', 7);
INSERT INTO track (track_id, track_name, duration, album_id) values (80, N'Paper Rings', '222', 7);
INSERT INTO track (track_id, track_name, duration, album_id) values (81, N'Cornelia Street', '287', 7);
INSERT INTO track (track_id, track_name, duration, album_id) values (82, N'Death By A Thousand Cuts', '199', 7);
INSERT INTO track (track_id, track_name, duration, album_id) values (83, N'London Boy', '190', 7);
INSERT INTO track (track_id, track_name, duration, album_id) values (84, N'Soon You`ll Get Better', '202', 7);
INSERT INTO track (track_id, track_name, duration, album_id) values (85, N'False God', '200', 7);
INSERT INTO track (track_id, track_name, duration, album_id) values (86, N'You Need To Calm Down', '171', 7);
INSERT INTO track (track_id, track_name, duration, album_id) values (87, N'Afterglow', '223', 7);
INSERT INTO track (track_id, track_name, duration, album_id) values (88, N'ME!', '193', 7);
INSERT INTO track (track_id, track_name, duration, album_id) values (89, N'Daylight', '293', 7);

--Taylor Swift
INSERT INTO track (track_id, track_name, duration, album_id) values (90, N'The 1', '210', 8);
INSERT INTO track (track_id, track_name, duration, album_id) values (91, N'Cardigan', '239', 8);
INSERT INTO track (track_id, track_name, duration, album_id) values (92, N'The Last Great American Dynasty', '231', 8);
INSERT INTO track (track_id, track_name, duration, album_id) values (93, N'Exile', '285', 8);
INSERT INTO track (track_id, track_name, duration, album_id) values (94, N'My Tears Ricochet', '255', 8);
INSERT INTO track (track_id, track_name, duration, album_id) values (95, N'Mirrorball', '209', 8);
INSERT INTO track (track_id, track_name, duration, album_id) values (96, N'Seven', '208', 8);
INSERT INTO track (track_id, track_name, duration, album_id) values (97, N'August', '261', 8);
INSERT INTO track (track_id, track_name, duration, album_id) values (98, N'This Is Me Trying', '195', 8);
INSERT INTO track (track_id, track_name, duration, album_id) values (99, N'Illicit Affairs', '190', 8);
INSERT INTO track (track_id, track_name, duration, album_id) values (100, N'Invisible String', '252', 8);
INSERT INTO track (track_id, track_name, duration, album_id) values (101, N'Mad Woman', '237', 8);
INSERT INTO track (track_id, track_name, duration, album_id) values (102, N'Epiphany', '289', 8);
INSERT INTO track (track_id, track_name, duration, album_id) values (103, N'Betty', '294', 8);
INSERT INTO track (track_id, track_name, duration, album_id) values (104, N'Peace', '234', 8);
INSERT INTO track (track_id, track_name, duration, album_id) values (105, N'Hoax', '220', 8);

-- within temptation
INSERT INTO track (track_id, track_name, duration, album_id) values (106, N'Let Us Burn', '331', 9);
INSERT INTO track (track_id, track_name, duration, album_id) values (107, N'Dangerous', '293', 9);
INSERT INTO track (track_id, track_name, duration, album_id) values (108, N'And We Run ', '230', 9);

-- within temptation
INSERT INTO track (track_id, track_name, duration, album_id) values (109, N'The Reckoning', '251', 10);
INSERT INTO track (track_id, track_name, duration, album_id) values (110, N'Endless War', '250', 10);
INSERT INTO track (track_id, track_name, duration, album_id) values (111, N'Raise Your Banner', '334', 10);

-- as I lay dying
INSERT INTO track (track_id, track_name, duration, album_id) values (112, N'Cauterize', '217', 11);
INSERT INTO track (track_id, track_name, duration, album_id) values (113, N'A Greater Foundation', '226', 11);
INSERT INTO track (track_id, track_name, duration, album_id) values (114, N'Resilience', '247', 11);

-- as I lay dying
INSERT INTO track (track_id, track_name, duration, album_id) values (115, N'Burn to Emerge', '52', 12);
INSERT INTO track (track_id, track_name, duration, album_id) values (116, N'Blinded', '202', 12);
INSERT INTO track (track_id, track_name, duration, album_id) values (117, N'Shaped by Fire', '218', 12);

-- In flames
INSERT INTO track (track_id, track_name, duration, album_id) values (118, N'Drained', '246', 13);
INSERT INTO track (track_id, track_name, duration, album_id) values (119, N'The End', '238', 13);
INSERT INTO track (track_id, track_name, duration, album_id) values (120, N'Like Sand', '223', 13);

-- In flames
INSERT INTO track (track_id, track_name, duration, album_id) values (121, N'Voices', '287', 14);
INSERT INTO track (track_id, track_name, duration, album_id) values (122, N'I, the Mask', '221', 14);
INSERT INTO track (track_id, track_name, duration, album_id) values (123, N'Call My Name', '213', 14);

-- Michael Jackson
INSERT INTO track (track_id, track_name, duration, album_id) values (124, N'Wanna Be Starting Something', '363', 15);
INSERT INTO track (track_id, track_name, duration, album_id) values (125, N'Baby Be Mine', '260', 15);
INSERT INTO track (track_id, track_name, duration, album_id) values (126, N'The Girl Is Mine', '222', 15);
INSERT INTO track (track_id, track_name, duration, album_id) values (127, N'Thriller', '357', 15);
-- Michael Jackson
INSERT INTO track (track_id, track_name, duration, album_id) values (128, N'Bad', '247', 16);
INSERT INTO track (track_id, track_name, duration, album_id) values (129, N'The Way You Make Me Feel', '299', 16);
INSERT INTO track (track_id, track_name, duration, album_id) values (130, N'Speed Demon', '241', 16);

-- Slipknot
INSERT INTO track (track_id, track_name, duration, album_id) values (131, N' XIX', '190', 17);
INSERT INTO track (track_id, track_name, duration, album_id) values (132, N'Sarcastrophe', '306', 17);
INSERT INTO track (track_id, track_name, duration, album_id) values (133, N'AOV', '333', 17);
INSERT INTO track (track_id, track_name, duration, album_id) values (134, N'The Devil in I', '342', 17);

-- Slipknot
INSERT INTO track (track_id, track_name, duration, album_id) values (135, N'Insert Coin', '98', 18);
INSERT INTO track (track_id, track_name, duration, album_id) values (136, N'Unsainted', '260', 18);
INSERT INTO track (track_id, track_name, duration, album_id) values (137, N'Birth of the Cruel', '275', 18);



INSERT INTO musician_genre (genre_id, genre_name) values (1, N'nu metal');
INSERT INTO musician_genre (genre_id, genre_name) values (2, N'rapcore');
INSERT INTO musician_genre (genre_id, genre_name) values (3, N'alternative metal');
INSERT INTO musician_genre (genre_id, genre_name) values (4, N'pop');
INSERT INTO musician_genre (genre_id, genre_name) values (5, N'dance pop');
INSERT INTO musician_genre (genre_id, genre_name) values (6, N'indie pop');
INSERT INTO musician_genre (genre_id, genre_name) values (7, N'Symphonic metal');
INSERT INTO musician_genre (genre_id, genre_name) values (8, N'metalcore');



INSERT INTO musician_genre(musician_id, genre_id) values (1, 1);
INSERT INTO musician_genre(musician_id, genre_id) values (1, 2);
INSERT INTO musician_genre(musician_id, genre_id) values (1, 3);
INSERT INTO musician_genre(musician_id, genre_id) values (2, 4);
INSERT INTO musician_genre(musician_id, genre_id) values (2, 5);
INSERT INTO musician_genre(musician_id, genre_id) values (3, 4);
INSERT INTO musician_genre(musician_id, genre_id) values (3, 6);
INSERT INTO musician_genre(musician_id, genre_id) values (4, 4);
INSERT INTO musician_genre(musician_id, genre_id) values (5, 7);
INSERT INTO musician_genre(musician_id, genre_id) values (6, 3);
INSERT INTO musician_genre(musician_id, genre_id) values (6, 8);
INSERT INTO musician_genre(musician_id, genre_id) values (7, 7);
INSERT INTO musician_genre(musician_id, genre_id) values (7, 3);
INSERT INTO musician_genre(musician_id, genre_id) values (8, 4);
INSERT INTO musician_genre(musician_id, genre_id) values (8, 5);
INSERT INTO musician_genre(musician_id, genre_id) values (9, 1);
INSERT INTO musician_genre(musician_id, genre_id) values (9, 2);
INSERT INTO musician_genre(musician_id, genre_id) values (9, 3);
INSERT INTO musician_genre(musician_id, genre_id) values (9, 8);



INSERT INTO mus_album(musician_id, album_id) values (1, 1);
INSERT INTO mus_album(musician_id, album_id) values (1, 2);
INSERT INTO mus_album(musician_id, album_id) values (2, 3);
INSERT INTO mus_album(musician_id, album_id) values (2, 4);
INSERT INTO mus_album(musician_id, album_id) values (3, 5);
INSERT INTO mus_album(musician_id, album_id) values (3, 6);
INSERT INTO mus_album(musician_id, album_id) values (4, 7);
INSERT INTO mus_album(musician_id, album_id) values (4, 8);
INSERT INTO mus_album(musician_id, album_id) values (5, 9);
INSERT INTO mus_album(musician_id, album_id) values (5, 10);
INSERT INTO mus_album(musician_id, album_id) values (6, 11);
INSERT INTO mus_album(musician_id, album_id) values (6, 12);
INSERT INTO mus_album(musician_id, album_id) values (7, 13);
INSERT INTO mus_album(musician_id, album_id) values (7, 14);
INSERT INTO mus_album(musician_id, album_id) values (8, 15);
INSERT INTO mus_album(musician_id, album_id) values (8, 16);
INSERT INTO mus_album(musician_id, album_id) values (9, 17);
INSERT INTO mus_album(musician_id, album_id) values (9, 18);



INSERT INTO collection(collection_id, collection_name, release) values (1, N'collection_1', '2017-01-01');
INSERT INTO collection(collection_id, collection_name, release) values (2, N'collection_2', '2017-03-02');
INSERT INTO collection(collection_id, collection_name, release) values (3, N'collection_3', '2018-08-21');
INSERT INTO collection(collection_id, collection_name, release) values (4, N'collection_4', '2018-09-12');
INSERT INTO collection(collection_id, collection_name, release) values (5, N'collection_5', '2019-06-04');
INSERT INTO collection(collection_id, collection_name, release) values (6, N'collection_6', '2020-12-13');
INSERT INTO collection(collection_id, collection_name, release) values (7, N'collection_7', '2021-07-24');



INSERT INTO playlist(collection_id, track_id) values (1, 1);
INSERT INTO playlist(collection_id, track_id) values (1, 5);
INSERT INTO playlist(collection_id, track_id) values (1, 10);
INSERT INTO playlist(collection_id, track_id) values (1, 15);
INSERT INTO playlist(collection_id, track_id) values (2, 20);
INSERT INTO playlist(collection_id, track_id) values (2, 25);
INSERT INTO playlist(collection_id, track_id) values (2, 30);
INSERT INTO playlist(collection_id, track_id) values (2, 35);
INSERT INTO playlist(collection_id, track_id) values (3, 40);
INSERT INTO playlist(collection_id, track_id) values (3, 45);
INSERT INTO playlist(collection_id, track_id) values (3, 50);
INSERT INTO playlist(collection_id, track_id) values (3, 55);
INSERT INTO playlist(collection_id, track_id) values (4, 60);
INSERT INTO playlist(collection_id, track_id) values (4, 65);
INSERT INTO playlist(collection_id, track_id) values (4, 70);
INSERT INTO playlist(collection_id, track_id) values (4, 75);
INSERT INTO playlist(collection_id, track_id) values (5, 80);
INSERT INTO playlist(collection_id, track_id) values (5, 85);
INSERT INTO playlist(collection_id, track_id) values (5, 90);
INSERT INTO playlist(collection_id, track_id) values (5, 95);
INSERT INTO playlist(collection_id, track_id) values (6, 100);
INSERT INTO playlist(collection_id, track_id) values (6, 105);
INSERT INTO playlist(collection_id, track_id) values (6, 110);
INSERT INTO playlist(collection_id, track_id) values (6, 115);
INSERT INTO playlist(collection_id, track_id) values (7, 120);
INSERT INTO playlist(collection_id, track_id) values (7, 125);
INSERT INTO playlist(collection_id, track_id) values (7, 130);
INSERT INTO playlist(collection_id, track_id) values (7, 135);
